restaurante,categoria,pedidos
1,CAT_A,564
2,CAT_A,3656
3,CAT_B,741
4,CAT_A,869
5,CAT_A,117
6,CAT_B,54
7,CAT_A,71
8,CAT_A,1412
9,CAT_A,772
10,CAT_A,12
11,CAT_B,354
12,CAT_B,157
13,CAT_B,255
14,CAT_A,168
15,CAT_A,296
16,CAT_B,17
17,CAT_A,25
18,CAT_B,17
19,CAT_A,47
20,CAT_A,22
21,CAT_A,912
22,CAT_A,695
23,CAT_B,29
24,CAT_B,396
25,CAT_B,919
26,CAT_A,220
27,CAT_B,251
28,CAT_A,54
29,CAT_A,5939
30,CAT_B,374
31,CAT_B,725
32,CAT_A,7
33,CAT_A,2994
34,CAT_A,1759
35,CAT_B,98
36,CAT_B,1081
37,CAT_A,3465
38,CAT_A,280
39,CAT_A,271
40,CAT_A,486
41,CAT_B,700
42,CAT_A,910
43,CAT_A,1271
44,CAT_A,316
45,CAT_B,34
46,CAT_A,394
47,CAT_A,1909
48,CAT_B,65
49,CAT_B,39
50,CAT_B,479
51,CAT_A,81
52,CAT_A,2228
53,CAT_B,14
54,CAT_B,34
55,CAT_B,27
56,CAT_B,41
57,CAT_B,89
58,CAT_A,1223
59,CAT_B,344
60,CAT_A,318
61,CAT_A,3733
62,CAT_A,633
63,CAT_B,10
64,CAT_A,65
65,CAT_A,14
66,CAT_A,20
67,CAT_B,275
68,CAT_A,2487
69,CAT_B,982
70,CAT_A,106
71,CAT_A,3113
72,CAT_A,3285
73,CAT_A,1923
74,CAT_B,515
75,CAT_B,498
76,CAT_B,286
77,CAT_A,110
78,CAT_B,371
79,CAT_B,299
80,CAT_A,344
81,CAT_B,175
82,CAT_B,92
83,CAT_B,44
84,CAT_B,1404
85,CAT_B,54
86,CAT_B,48
87,CAT_B,7
88,CAT_B,99
89,CAT_B,101
90,CAT_A,1876
91,CAT_B,1091
92,CAT_A,745
93,CAT_B,694
94,CAT_A,495
95,CAT_B,23
96,CAT_B,252
97,CAT_B,106
98,CAT_A,43
99,CAT_A,583
100,CAT_A,211
101,CAT_B,680
102,CAT_B,619
103,CAT_B,968
104,CAT_B,30
105,CAT_A,106
106,CAT_A,1143
107,CAT_A,6191
108,CAT_B,1359
109,CAT_B,408
110,CAT_A,2677
111,CAT_A,11023
112,CAT_B,344
113,CAT_A,1082
114,CAT_B,1799
115,CAT_B,1374
116,CAT_B,678
117,CAT_A,230
118,CAT_A,313
119,CAT_B,271
120,CAT_A,489
121,CAT_B,1311
122,CAT_B,274
123,CAT_A,627
124,CAT_A,509
125,CAT_A,1544
126,CAT_B,1148
127,CAT_B,90
128,CAT_B,1567
129,CAT_B,428
130,CAT_A,1409
131,CAT_B,1442
132,CAT_B,481
133,CAT_A,163
134,CAT_B,347
135,CAT_B,107
136,CAT_A,24
137,CAT_A,6
138,CAT_B,1
139,CAT_B,226
140,CAT_A,8115
141,CAT_A,3495
142,CAT_A,1108
143,CAT_A,4801
144,CAT_A,1510
145,CAT_A,741
146,CAT_A,311
147,CAT_A,617
148,CAT_A,389
149,CAT_B,1393
150,CAT_A,2909
151,CAT_A,458
152,CAT_A,845
153,CAT_B,64
154,CAT_B,1116
155,CAT_B,34
156,CAT_A,363
157,CAT_A,236
158,CAT_B,359
159,CAT_A,12
160,CAT_B,3337
161,CAT_A,604
162,CAT_A,427
163,CAT_A,391
164,CAT_B,494
165,CAT_B,669
166,CAT_B,80
167,CAT_A,1884
168,CAT_B,396
169,CAT_B,39
170,CAT_B,656
171,CAT_B,521
172,CAT_B,121
173,CAT_A,414
174,CAT_A,6
175,CAT_A,17
176,CAT_B,1670
177,CAT_A,64
178,CAT_A,1
179,CAT_B,8
180,CAT_B,7
181,CAT_A,612
182,CAT_A,4885
183,CAT_A,1522
184,CAT_B,1052
185,CAT_A,2222
186,CAT_A,955
187,CAT_A,1480
188,CAT_A,2730
189,CAT_A,6277
190,CAT_A,2800
191,CAT_A,95
192,CAT_A,896
193,CAT_A,271
194,CAT_A,69
195,CAT_A,83
196,CAT_B,1044
197,CAT_B,1041
198,CAT_B,28
199,CAT_B,254
200,CAT_A,859
201,CAT_A,353
202,CAT_A,164
203,CAT_B,590
204,CAT_B,863
205,CAT_A,79
206,CAT_B,36
207,CAT_B,155
208,CAT_A,4885
209,CAT_B,495
210,CAT_B,5
211,CAT_B,134
212,CAT_B,31
213,CAT_A,13
214,CAT_B,86
215,CAT_B,370
216,CAT_A,524
217,CAT_A,60
218,CAT_A,480
219,CAT_A,471
220,CAT_B,1034
221,CAT_A,2133
222,CAT_A,4679
223,CAT_A,2293
224,CAT_A,187
225,CAT_A,1517
226,CAT_A,1413
227,CAT_A,1407
228,CAT_A,1819
229,CAT_A,255
230,CAT_A,697
231,CAT_B,131
232,CAT_A,1029
233,CAT_A,1330
234,CAT_A,178
235,CAT_A,515
236,CAT_A,467
237,CAT_A,137
238,CAT_B,87
239,CAT_B,17
240,CAT_B,639
241,CAT_B,1094
242,CAT_A,485
243,CAT_B,688
244,CAT_B,460
245,CAT_B,5
246,CAT_B,862
247,CAT_B,167
248,CAT_A,1669
249,CAT_A,551
250,CAT_A,2721
251,CAT_A,3
252,CAT_A,637
253,CAT_A,836
254,CAT_B,8
255,CAT_A,168
256,CAT_B,505
257,CAT_B,499
258,CAT_B,78
259,CAT_A,161
260,CAT_A,36
261,CAT_A,28
262,CAT_B,1130
263,CAT_B,712
264,CAT_A,126
265,CAT_B,20
266,CAT_A,55
267,CAT_A,45
268,CAT_A,1
269,CAT_A,1
270,CAT_B,392
271,CAT_A,978
272,CAT_A,1163
273,CAT_B,568
274,CAT_B,1212
275,CAT_A,4318
276,CAT_B,1932
277,CAT_B,353
278,CAT_A,91
279,CAT_A,102
280,CAT_A,122
281,CAT_A,927
282,CAT_A,1289
283,CAT_A,640
284,CAT_A,329
285,CAT_B,30
286,CAT_A,68
287,CAT_A,188
288,CAT_A,1103
289,CAT_B,26
290,CAT_B,35
291,CAT_B,26
292,CAT_A,29
293,CAT_A,381
294,CAT_B,256
295,CAT_B,72
296,CAT_B,1489
297,CAT_A,88
298,CAT_B,6
299,CAT_B,38
300,CAT_A,437
301,CAT_B,661
302,CAT_B,12
303,CAT_B,620
304,CAT_B,445
305,CAT_B,166
306,CAT_A,31
307,CAT_B,506
308,CAT_B,1153
309,CAT_A,810
310,CAT_A,2271
311,CAT_A,5552
312,CAT_A,612
313,CAT_A,3240
314,CAT_A,346
315,CAT_A,254
316,CAT_B,57
317,CAT_A,1487
318,CAT_A,285
319,CAT_A,2629
320,CAT_B,445
321,CAT_B,149
322,CAT_A,40
323,CAT_B,1050
324,CAT_A,16
325,CAT_B,346
326,CAT_A,75
327,CAT_A,1787
328,CAT_B,43
329,CAT_A,312
330,CAT_B,12
331,CAT_A,164
332,CAT_B,493
333,CAT_A,1319
334,CAT_B,16
335,CAT_B,485
336,CAT_B,482
337,CAT_B,380
338,CAT_B,24
339,CAT_A,903
340,CAT_B,90
341,CAT_B,260
342,CAT_A,1750
343,CAT_B,164
344,CAT_A,3527
345,CAT_A,434
346,CAT_A,751
347,CAT_B,406
348,CAT_B,1875
349,CAT_B,68
350,CAT_A,166
351,CAT_A,323
352,CAT_B,109
353,CAT_A,123
354,CAT_A,35
355,CAT_B,1084
356,CAT_A,823
357,CAT_B,1220
358,CAT_A,108
359,CAT_A,828
360,CAT_B,210
361,CAT_B,47
362,CAT_B,48
363,CAT_B,734
364,CAT_B,1834
365,CAT_B,42
366,CAT_B,1100
367,CAT_A,8
368,CAT_A,332
369,CAT_A,364
370,CAT_A,1120
371,CAT_A,88
372,CAT_A,3176
373,CAT_B,630
374,CAT_B,347
375,CAT_A,337
376,CAT_B,209
377,CAT_A,2856
378,CAT_B,1124
379,CAT_A,3440
380,CAT_A,215
381,CAT_A,201
382,CAT_A,87
383,CAT_A,400
384,CAT_A,36
385,CAT_A,2576
386,CAT_A,2744
387,CAT_B,461
388,CAT_A,499
389,CAT_B,1208
390,CAT_A,599
391,CAT_A,73
392,CAT_B,17
393,CAT_A,16
394,CAT_A,353
395,CAT_B,395
396,CAT_A,3390
397,CAT_B,1584
398,CAT_B,33
399,CAT_B,368
400,CAT_B,1386
401,CAT_B,26
402,CAT_A,1401
403,CAT_B,22
404,CAT_A,505
405,CAT_B,52
406,CAT_A,51
407,CAT_B,1153
408,CAT_B,1289
409,CAT_A,100
410,CAT_B,201
411,CAT_B,36
412,CAT_A,55
413,CAT_B,656
414,CAT_A,33
415,CAT_A,7
416,CAT_A,375
417,CAT_B,461
418,CAT_A,289
419,CAT_A,36
420,CAT_A,347
421,CAT_B,257
422,CAT_A,1
423,CAT_A,2207
424,CAT_A,1156
425,CAT_A,3372
426,CAT_A,3273
427,CAT_A,1750
428,CAT_A,35
429,CAT_B,368
430,CAT_A,427
431,CAT_B,542
432,CAT_B,2567
433,CAT_B,216
434,CAT_A,3517
435,CAT_A,35
436,CAT_B,31
437,CAT_B,486
438,CAT_A,1026
439,CAT_B,374
440,CAT_B,2
441,CAT_B,426
442,CAT_B,54
443,CAT_A,71
444,CAT_A,238
445,CAT_A,40
446,CAT_B,892
447,CAT_A,1
448,CAT_A,16
449,CAT_A,2
450,CAT_B,708
451,CAT_B,798
452,CAT_A,22
453,CAT_A,4436
454,CAT_A,42
455,CAT_B,241
456,CAT_B,885
457,CAT_B,8
458,CAT_A,34
459,CAT_A,23
460,CAT_A,1745
461,CAT_A,466
462,CAT_A,1119
463,CAT_B,546
464,CAT_A,471
465,CAT_A,2044
466,CAT_B,1135
467,CAT_A,263
468,CAT_A,184
469,CAT_A,4123
470,CAT_A,356
471,CAT_B,994
472,CAT_B,747
473,CAT_B,2062
474,CAT_B,793
475,CAT_B,800
476,CAT_B,274
477,CAT_A,15
478,CAT_B,289
479,CAT_B,40
480,CAT_A,129
481,CAT_A,663
482,CAT_B,50
483,CAT_B,228
484,CAT_B,524
485,CAT_B,196
486,CAT_B,283
487,CAT_B,49
488,CAT_B,167
489,CAT_A,163
490,CAT_A,7
491,CAT_B,158
492,CAT_B,37
493,CAT_A,140
494,CAT_B,1945
495,CAT_B,3549
496,CAT_A,2486
497,CAT_B,1224
498,CAT_B,646
499,CAT_A,592
500,CAT_A,2674
501,CAT_A,5063
502,CAT_B,420
503,CAT_A,851
504,CAT_A,72
505,CAT_A,608
506,CAT_B,567
507,CAT_B,1705
508,CAT_A,1273
509,CAT_A,514
510,CAT_A,12465
511,CAT_B,1220
512,CAT_B,1718
513,CAT_B,1576
514,CAT_A,1810
515,CAT_B,30
516,CAT_A,222
517,CAT_A,138
518,CAT_A,45
519,CAT_A,532
520,CAT_A,403
521,CAT_A,475
522,CAT_B,140
523,CAT_A,111
524,CAT_A,326
525,CAT_B,435
526,CAT_B,1386
527,CAT_B,501
528,CAT_A,1259
529,CAT_A,103
530,CAT_A,17
531,CAT_A,82
532,CAT_A,18
533,CAT_B,1
534,CAT_A,933
535,CAT_B,584
536,CAT_A,1813
537,CAT_B,1720
538,CAT_B,171
539,CAT_A,3239
540,CAT_B,493
541,CAT_B,807
542,CAT_A,546
543,CAT_A,243
544,CAT_B,128
545,CAT_B,1040
546,CAT_B,720
547,CAT_B,414
548,CAT_B,320
549,CAT_A,504
550,CAT_B,57
551,CAT_B,145
552,CAT_A,542
553,CAT_A,701
554,CAT_B,24
555,CAT_A,23
556,CAT_A,115
557,CAT_A,850
558,CAT_B,379
559,CAT_B,66
560,CAT_B,1172
561,CAT_B,716
562,CAT_B,799
563,CAT_A,303
564,CAT_A,251
565,CAT_B,85
566,CAT_B,778
567,CAT_B,160
568,CAT_B,1
569,CAT_B,854
570,CAT_A,1977
571,CAT_A,2990
572,CAT_B,783
573,CAT_B,47
574,CAT_A,836
575,CAT_A,392
576,CAT_A,371
577,CAT_B,402
578,CAT_B,1708
579,CAT_A,3080
580,CAT_B,52
581,CAT_B,484
582,CAT_B,2500
583,CAT_B,2748
584,CAT_A,524
585,CAT_A,437
586,CAT_B,329
587,CAT_B,240
588,CAT_A,6283
589,CAT_A,53
590,CAT_B,23
591,CAT_A,86
592,CAT_B,293
593,CAT_B,31
594,CAT_B,225
595,CAT_A,262
596,CAT_B,166
597,CAT_A,420
598,CAT_A,53
599,CAT_A,45
600,CAT_A,34
601,CAT_B,123
602,CAT_B,1300
603,CAT_A,604
604,CAT_B,32
605,CAT_A,1460
606,CAT_B,1040
607,CAT_B,195
608,CAT_A,1788
609,CAT_A,829
610,CAT_A,1280
611,CAT_A,143
612,CAT_A,122
613,CAT_B,40
614,CAT_A,4784
615,CAT_B,566
616,CAT_A,30
617,CAT_B,2061
618,CAT_B,425
619,CAT_B,87
620,CAT_A,181
621,CAT_B,126
622,CAT_B,421
623,CAT_B,9
624,CAT_B,209
625,CAT_B,2105
626,CAT_B,7
627,CAT_A,42
628,CAT_B,284
629,CAT_A,1694
630,CAT_A,566
631,CAT_B,152
632,CAT_B,908
633,CAT_A,521
634,CAT_A,47
635,CAT_B,52
636,CAT_A,1592
637,CAT_A,1776
638,CAT_A,1132
639,CAT_B,1278
640,CAT_B,136
641,CAT_B,316
642,CAT_A,75
643,CAT_A,146
644,CAT_B,2109
645,CAT_A,269
646,CAT_B,121
647,CAT_A,395
648,CAT_B,152
649,CAT_B,2847
650,CAT_A,279
651,CAT_B,339
652,CAT_B,331
653,CAT_B,281
654,CAT_B,33
655,CAT_B,1107
656,CAT_A,8
657,CAT_B,1177
658,CAT_B,498
659,CAT_A,124
660,CAT_B,723
661,CAT_B,790
662,CAT_A,820
663,CAT_B,1039
664,CAT_A,36
665,CAT_A,21
666,CAT_A,52
667,CAT_A,1833
668,CAT_B,161
669,CAT_A,514
670,CAT_A,948
671,CAT_A,934
672,CAT_A,2972
673,CAT_A,2947
674,CAT_B,144
675,CAT_A,232
676,CAT_B,189
677,CAT_B,1296
678,CAT_B,1424
679,CAT_A,59
680,CAT_B,1858
681,CAT_B,419
682,CAT_A,684
683,CAT_A,260
684,CAT_B,58
685,CAT_A,904
686,CAT_B,72
687,CAT_A,359
688,CAT_B,533
689,CAT_B,329
690,CAT_B,6
691,CAT_A,15
692,CAT_B,878
693,CAT_B,1718
694,CAT_A,135
695,CAT_A,182
696,CAT_A,2
697,CAT_B,247
698,CAT_B,108
699,CAT_B,18
700,CAT_A,11
701,CAT_A,1247
702,CAT_A,2383
703,CAT_A,3109
704,CAT_B,132
705,CAT_B,700
706,CAT_B,455
707,CAT_A,1933
708,CAT_B,327
709,CAT_A,3459
710,CAT_B,261
711,CAT_A,63
712,CAT_A,2864
713,CAT_A,967
714,CAT_A,96
715,CAT_B,807
716,CAT_B,268
717,CAT_A,3214
718,CAT_A,53
719,CAT_A,79
720,CAT_B,219
721,CAT_A,3899
722,CAT_B,2250
723,CAT_A,512
724,CAT_B,49
725,CAT_A,29
726,CAT_A,480
727,CAT_A,23
728,CAT_B,469
729,CAT_B,40
730,CAT_B,51
731,CAT_B,30
732,CAT_A,180
733,CAT_B,296
734,CAT_A,106
735,CAT_A,3
736,CAT_A,83
737,CAT_A,3851
738,CAT_B,1433
739,CAT_B,172
740,CAT_B,582
741,CAT_A,435
742,CAT_B,302
743,CAT_A,544
744,CAT_B,481
745,CAT_B,200
746,CAT_A,1471
747,CAT_A,191
748,CAT_A,46
749,CAT_A,225
750,CAT_A,128
751,CAT_B,815
752,CAT_A,15
753,CAT_B,11
754,CAT_A,176
755,CAT_B,160
756,CAT_A,643
757,CAT_B,93
758,CAT_B,318
759,CAT_A,56
760,CAT_A,2552
761,CAT_B,413
762,CAT_A,4368
763,CAT_B,438
764,CAT_B,373
765,CAT_B,167
766,CAT_B,707
767,CAT_B,1385
768,CAT_B,934
769,CAT_A,137
770,CAT_A,1043
771,CAT_A,54
772,CAT_B,1265
773,CAT_B,59
774,CAT_A,57
775,CAT_A,2671
776,CAT_A,1227
777,CAT_B,1092
778,CAT_B,45
779,CAT_B,10
780,CAT_B,23
781,CAT_A,23
782,CAT_B,155
783,CAT_A,49
784,CAT_A,5
785,CAT_A,1
786,CAT_A,675
787,CAT_B,534
788,CAT_B,103
789,CAT_A,2167
790,CAT_B,400
791,CAT_A,75
792,CAT_A,690
793,CAT_A,45
794,CAT_B,5
795,CAT_A,2532
796,CAT_A,1072
797,CAT_A,2294
798,CAT_B,525
799,CAT_A,1529
800,CAT_B,1798
801,CAT_B,311
802,CAT_B,119
803,CAT_A,1906
804,CAT_A,41
805,CAT_B,607
806,CAT_B,1078
807,CAT_A,108
808,CAT_A,17
809,CAT_B,16
810,CAT_B,52
811,CAT_A,67
812,CAT_B,51
813,CAT_B,513
814,CAT_A,1
815,CAT_B,2086
816,CAT_B,45
817,CAT_A,455
818,CAT_B,342
819,CAT_A,4713
820,CAT_B,197
821,CAT_A,149
822,CAT_A,427
823,CAT_B,39
824,CAT_B,136
825,CAT_A,297
826,CAT_B,24
827,CAT_A,1624
828,CAT_A,1707
829,CAT_A,1377
830,CAT_A,6035
831,CAT_B,140
832,CAT_B,1234
833,CAT_B,459
834,CAT_B,119
835,CAT_B,464
836,CAT_A,304
837,CAT_B,80
838,CAT_B,342
839,CAT_A,438
840,CAT_B,117
841,CAT_B,431
842,CAT_A,346
843,CAT_A,116
844,CAT_B,37
845,CAT_A,415
846,CAT_A,100
847,CAT_B,34
848,CAT_A,65
849,CAT_B,24
850,CAT_A,37
851,CAT_A,206
852,CAT_B,166
853,CAT_A,1016
854,CAT_B,418
855,CAT_B,508
856,CAT_A,32
857,CAT_B,407
858,CAT_A,7
859,CAT_A,13
860,CAT_B,23
861,CAT_B,1064
862,CAT_B,394
863,CAT_A,2791
864,CAT_A,57
865,CAT_B,1662
866,CAT_B,266
867,CAT_A,469
868,CAT_A,610
869,CAT_B,84
870,CAT_B,1636
871,CAT_B,546
872,CAT_A,12
873,CAT_A,34
874,CAT_B,320
875,CAT_B,232
876,CAT_B,50
877,CAT_B,107
878,CAT_B,112
879,CAT_A,1503
880,CAT_A,6098
881,CAT_A,1439
882,CAT_A,22
883,CAT_A,1586
884,CAT_A,3579
885,CAT_B,13
886,CAT_B,20
887,CAT_A,456
888,CAT_B,122
889,CAT_A,188
890,CAT_B,1079
891,CAT_B,671
892,CAT_B,224
893,CAT_A,2033
894,CAT_B,293
895,CAT_B,819
896,CAT_B,48
897,CAT_A,40
898,CAT_A,58
899,CAT_B,148
900,CAT_B,552
901,CAT_A,219
902,CAT_B,20
903,CAT_B,31
904,CAT_A,315
905,CAT_A,286
906,CAT_A,11014
907,CAT_A,1021
908,CAT_B,457
909,CAT_B,30
910,CAT_B,40
911,CAT_B,47
912,CAT_B,58
913,CAT_B,33
914,CAT_B,1435
915,CAT_B,38
916,CAT_B,211
917,CAT_A,4067
918,CAT_B,149
919,CAT_A,317
920,CAT_A,149
921,CAT_B,8
922,CAT_A,91
923,CAT_A,50
924,CAT_B,749
925,CAT_A,2
926,CAT_B,43
927,CAT_A,235
928,CAT_B,2531
929,CAT_A,3065
930,CAT_A,2531
931,CAT_B,134
932,CAT_A,369
933,CAT_A,767
934,CAT_A,759
935,CAT_A,37
936,CAT_A,1591
937,CAT_B,288
938,CAT_B,583
939,CAT_A,213
940,CAT_A,1739
941,CAT_A,360
942,CAT_A,386
943,CAT_B,53
944,CAT_B,152
945,CAT_B,1605
946,CAT_B,21
947,CAT_B,60
948,CAT_B,960
949,CAT_B,1704
950,CAT_B,732
951,CAT_A,356
952,CAT_A,146
953,CAT_A,733
954,CAT_B,465
955,CAT_B,36
956,CAT_A,30
957,CAT_A,76
958,CAT_A,1876
959,CAT_B,40
960,CAT_B,514
961,CAT_B,1940
962,CAT_A,1069
963,CAT_B,32
964,CAT_B,1914
965,CAT_A,146
966,CAT_A,252
967,CAT_B,1668
968,CAT_B,932
969,CAT_A,9
970,CAT_A,342
971,CAT_B,112
972,CAT_B,8
973,CAT_A,2550
974,CAT_A,1962
975,CAT_A,2644
976,CAT_B,660
977,CAT_A,906
978,CAT_A,592
979,CAT_B,861
980,CAT_A,946
981,CAT_B,943
982,CAT_A,488
983,CAT_B,624
984,CAT_A,3123
985,CAT_A,275
986,CAT_B,45
987,CAT_A,1027
988,CAT_A,114
989,CAT_B,1259
990,CAT_A,1486
991,CAT_A,160
992,CAT_B,256
993,CAT_A,121
994,CAT_A,3691
995,CAT_A,123
996,CAT_B,411
997,CAT_B,1445
998,CAT_B,691
999,CAT_A,111
1000,CAT_B,224
1001,CAT_B,74
1002,CAT_B,90
1003,CAT_A,35
1004,CAT_A,4
1005,CAT_A,1
1006,CAT_A,298
1007,CAT_A,1729
1008,CAT_A,2758
1009,CAT_B,644
1010,CAT_A,2204
1011,CAT_A,3843
1012,CAT_A,465
1013,CAT_B,306
1014,CAT_B,80
1015,CAT_B,131
1016,CAT_A,562
1017,CAT_A,1934
1018,CAT_A,3304
1019,CAT_B,791
1020,CAT_B,117
1021,CAT_A,87
1022,CAT_A,395
1023,CAT_B,144
1024,CAT_B,218
1025,CAT_B,1322
1026,CAT_A,287
1027,CAT_B,1016
1028,CAT_B,16
1029,CAT_B,31
1030,CAT_B,36
1031,CAT_A,353
1032,CAT_A,398
1033,CAT_A,614
1034,CAT_B,18
1035,CAT_A,538
1036,CAT_B,623
1037,CAT_A,384
1038,CAT_A,1154
1039,CAT_A,49
1040,CAT_A,1503
1041,CAT_B,1049
1042,CAT_A,425
1043,CAT_B,98
1044,CAT_A,273
1045,CAT_B,1557
1046,CAT_B,209
1047,CAT_A,465
1048,CAT_A,5
1049,CAT_A,380
1050,CAT_A,595
1051,CAT_A,492
1052,CAT_A,1266
1053,CAT_B,42
1054,CAT_B,444
1055,CAT_A,2115
1056,CAT_A,570
1057,CAT_A,3139
1058,CAT_A,164
1059,CAT_A,204
1060,CAT_A,313
1061,CAT_A,44
1062,CAT_A,117
1063,CAT_B,126
1064,CAT_A,4300
1065,CAT_A,290
1066,CAT_A,74
1067,CAT_B,71
1068,CAT_A,1189
1069,CAT_A,275
1070,CAT_B,18
1071,CAT_A,41
1072,CAT_A,832
1073,CAT_B,81
1074,CAT_A,165
1075,CAT_A,2483
1076,CAT_B,1335
1077,CAT_A,281
1078,CAT_A,2260
1079,CAT_B,321
1080,CAT_A,509
1081,CAT_A,350
1082,CAT_B,340
1083,CAT_A,10
1084,CAT_B,509
1085,CAT_B,363
1086,CAT_B,494
1087,CAT_A,1443
1088,CAT_A,6050
1089,CAT_A,1948
1090,CAT_B,1271
1091,CAT_A,2348
1092,CAT_A,4641
1093,CAT_A,2036
1094,CAT_B,145
1095,CAT_A,2595
1096,CAT_B,1365
1097,CAT_B,987
1098,CAT_B,388
1099,CAT_A,209
1100,CAT_B,382
1101,CAT_B,131
1102,CAT_A,430
1103,CAT_A,2622
1104,CAT_A,872
1105,CAT_B,727
1106,CAT_B,144
1107,CAT_B,89
1108,CAT_B,300
1109,CAT_A,1484
1110,CAT_A,238
1111,CAT_B,1578
1112,CAT_A,2845
1113,CAT_B,679
1114,CAT_A,2
1115,CAT_A,83
1116,CAT_B,64
1117,CAT_B,240
1118,CAT_A,117
1119,CAT_B,44
1120,CAT_B,146
1121,CAT_B,202
1122,CAT_A,3636
1123,CAT_A,481
1124,CAT_B,278
1125,CAT_A,77
1126,CAT_B,95
1127,CAT_A,229
1128,CAT_B,1117
1129,CAT_A,91
1130,CAT_B,5
1131,CAT_A,393
1132,CAT_A,103
1133,CAT_A,1421
1134,CAT_A,3804
1135,CAT_A,674
1136,CAT_B,278
1137,CAT_A,7
1138,CAT_B,1283
1139,CAT_A,1193
1140,CAT_B,259
1141,CAT_A,43
1142,CAT_A,212
1143,CAT_B,539
1144,CAT_A,128
1145,CAT_A,1132
1146,CAT_A,624
1147,CAT_B,1498
1148,CAT_A,146
1149,CAT_A,57
1150,CAT_A,504
1151,CAT_A,372
1152,CAT_B,27
1153,CAT_B,229
1154,CAT_B,3
1155,CAT_A,397
1156,CAT_A,3177
1157,CAT_A,991
1158,CAT_B,316
1159,CAT_B,88
1160,CAT_B,111
1161,CAT_B,30
1162,CAT_A,628
1163,CAT_B,1733
1164,CAT_A,27
1165,CAT_A,1085
1166,CAT_A,362
1167,CAT_B,114
1168,CAT_A,102
1169,CAT_B,9
1170,CAT_A,921
1171,CAT_A,918
1172,CAT_A,1262
1173,CAT_B,914
1174,CAT_B,347
1175,CAT_B,801
1176,CAT_A,219
1177,CAT_A,1023
1178,CAT_A,814
1179,CAT_A,265
1180,CAT_A,13
1181,CAT_B,176
1182,CAT_B,365
1183,CAT_A,630
1184,CAT_A,471
1185,CAT_B,601
1186,CAT_B,39
1187,CAT_A,150
1188,CAT_B,12
1189,CAT_B,704
1190,CAT_A,2493
1191,CAT_A,53
1192,CAT_A,67
1193,CAT_B,1392
1194,CAT_A,304
1195,CAT_B,1010
1196,CAT_B,541
1197,CAT_A,62
1198,CAT_B,8
1199,CAT_A,8
1200,CAT_B,6
1201,CAT_B,3
1202,CAT_B,1466
1203,CAT_A,2742
1204,CAT_A,2011
1205,CAT_B,1498
1206,CAT_A,255
1207,CAT_A,4556
1208,CAT_A,732
1209,CAT_A,1135
1210,CAT_A,190
1211,CAT_B,307
1212,CAT_A,163
1213,CAT_A,154
1214,CAT_B,1844
1215,CAT_B,16
1216,CAT_A,75
1217,CAT_A,157
1218,CAT_B,736
1219,CAT_B,562
1220,CAT_B,60
1221,CAT_B,465
1222,CAT_B,470
1223,CAT_B,941
1224,CAT_B,730
1225,CAT_B,530
1226,CAT_B,224
1227,CAT_B,22
1228,CAT_B,241
1229,CAT_A,21
1230,CAT_A,519
1231,CAT_B,1
1232,CAT_A,3071
1233,CAT_B,538
1234,CAT_A,634
1235,CAT_A,586
1236,CAT_B,3066
1237,CAT_A,876
1238,CAT_B,402
1239,CAT_A,39
1240,CAT_A,108
1241,CAT_A,194
1242,CAT_A,311
1243,CAT_A,185
1244,CAT_A,50
1245,CAT_B,27
1246,CAT_A,144
1247,CAT_B,2413
1248,CAT_B,387
1249,CAT_B,183
1250,CAT_A,684
1251,CAT_B,242
1252,CAT_A,201
1253,CAT_B,43
1254,CAT_A,2241
1255,CAT_A,32
1256,CAT_B,737
1257,CAT_A,125
1258,CAT_A,666
1259,CAT_B,29
1260,CAT_B,249
1261,CAT_A,399
1262,CAT_B,1243
1263,CAT_B,80
1264,CAT_A,7
1265,CAT_A,68
1266,CAT_A,1009
1267,CAT_B,51
1268,CAT_A,2598
1269,CAT_A,2278
1270,CAT_B,294
1271,CAT_A,1660
1272,CAT_A,703
1273,CAT_A,706
1274,CAT_A,506
1275,CAT_B,343
1276,CAT_A,32
1277,CAT_A,895
1278,CAT_B,51
1279,CAT_A,387
1280,CAT_B,711
1281,CAT_A,78
1282,CAT_B,8
1283,CAT_A,489
1284,CAT_A,81
1285,CAT_B,43
1286,CAT_A,420
1287,CAT_B,89
1288,CAT_A,677
1289,CAT_B,200
1290,CAT_A,426
1291,CAT_B,354
1292,CAT_B,171
1293,CAT_A,660
1294,CAT_B,1602
1295,CAT_B,28
1296,CAT_B,643
1297,CAT_A,728
1298,CAT_A,179
1299,CAT_A,36
1300,CAT_A,125
1301,CAT_B,114
1302,CAT_A,4686
1303,CAT_B,336
1304,CAT_A,1395
1305,CAT_B,157
1306,CAT_A,2532
1307,CAT_B,1139
1308,CAT_A,2645
1309,CAT_A,1016
1310,CAT_B,208
1311,CAT_B,1629
1312,CAT_A,87
1313,CAT_A,172
1314,CAT_B,311
1315,CAT_B,106
1316,CAT_A,487
1317,CAT_A,336
1318,CAT_B,23
1319,CAT_A,29
1320,CAT_A,5839
1321,CAT_B,98
1322,CAT_B,333
1323,CAT_B,469
1324,CAT_B,441
1325,CAT_A,551
1326,CAT_B,581
1327,CAT_B,223
1328,CAT_A,443
1329,CAT_B,567
1330,CAT_B,1010
1331,CAT_B,190
1332,CAT_A,163
1333,CAT_A,60
1334,CAT_B,74
1335,CAT_A,3
1336,CAT_B,22
1337,CAT_A,50
1338,CAT_B,585
1339,CAT_A,1407
1340,CAT_B,1251
1341,CAT_B,868
1342,CAT_B,267
1343,CAT_A,604
1344,CAT_A,1027
1345,CAT_A,3951
1346,CAT_A,1087
1347,CAT_A,354
1348,CAT_A,4438
1349,CAT_B,33
1350,CAT_B,149
1351,CAT_B,2454
1352,CAT_B,1413
1353,CAT_B,1622
1354,CAT_B,50
1355,CAT_B,82
1356,CAT_B,19
1357,CAT_B,38
1358,CAT_B,25
1359,CAT_A,61
1360,CAT_A,225
1361,CAT_B,2004
1362,CAT_A,213
1363,CAT_B,600
1364,CAT_A,5373
1365,CAT_B,205
1366,CAT_B,207
1367,CAT_B,480
1368,CAT_B,706
1369,CAT_B,548
1370,CAT_A,209
1371,CAT_B,318
1372,CAT_B,873
1373,CAT_B,98
1374,CAT_A,218
1375,CAT_B,22
1376,CAT_B,15
1377,CAT_A,771
1378,CAT_A,986
1379,CAT_A,2321
1380,CAT_B,164
1381,CAT_B,122
1382,CAT_A,167
1383,CAT_A,231
1384,CAT_B,577
1385,CAT_A,493
1386,CAT_B,1039
1387,CAT_A,149
1388,CAT_A,23
1389,CAT_B,269
1390,CAT_B,554
1391,CAT_B,29
1392,CAT_B,29
1393,CAT_B,66
1394,CAT_A,84
1395,CAT_A,366
1396,CAT_B,2306
1397,CAT_B,233
1398,CAT_A,254
1399,CAT_A,130
1400,CAT_B,204
1401,CAT_A,1068
1402,CAT_B,741
1403,CAT_A,78
1404,CAT_B,2256
1405,CAT_A,27
1406,CAT_A,6
1407,CAT_A,1034
1408,CAT_B,18
1409,CAT_A,115
1410,CAT_B,33
1411,CAT_B,196
1412,CAT_A,2214
1413,CAT_A,1217
1414,CAT_A,777
1415,CAT_A,7308
1416,CAT_A,49
1417,CAT_A,75
1418,CAT_A,1008
1419,CAT_B,242
1420,CAT_B,39
1421,CAT_A,467
1422,CAT_B,767
1423,CAT_B,540
1424,CAT_A,265
1425,CAT_B,6
1426,CAT_A,118
1427,CAT_B,211
1428,CAT_B,33
1429,CAT_B,338
1430,CAT_A,500
1431,CAT_B,79
1432,CAT_A,340
1433,CAT_A,22
1434,CAT_A,230
1435,CAT_A,143
1436,CAT_A,570
1437,CAT_A,82
1438,CAT_B,1721
1439,CAT_B,415
1440,CAT_B,85
1441,CAT_A,2805
1442,CAT_A,1490
1443,CAT_B,433
1444,CAT_A,1981
1445,CAT_B,179
1446,CAT_A,1046
1447,CAT_B,98
1448,CAT_A,315
1449,CAT_B,423
1450,CAT_A,341
1451,CAT_A,1169
1452,CAT_A,126
1453,CAT_B,287
1454,CAT_A,54
1455,CAT_B,795
1456,CAT_A,382
1457,CAT_B,417
1458,CAT_B,778
1459,CAT_A,2654
1460,CAT_B,87
1461,CAT_A,370
1462,CAT_B,648
1463,CAT_B,38
1464,CAT_A,920
1465,CAT_A,43
1466,CAT_A,273
1467,CAT_A,953
1468,CAT_A,300
1469,CAT_B,695
1470,CAT_B,63
1471,CAT_A,12
1472,CAT_A,41
1473,CAT_A,872
1474,CAT_B,1171
1475,CAT_A,909
1476,CAT_A,277
1477,CAT_A,316
1478,CAT_B,886
1479,CAT_A,1074
1480,CAT_A,27
1481,CAT_B,288
1482,CAT_A,499
1483,CAT_A,351
1484,CAT_A,43
1485,CAT_A,539
1486,CAT_B,1386
1487,CAT_A,2855
1488,CAT_B,608
1489,CAT_A,1143
1490,CAT_A,2595
1491,CAT_A,219
1492,CAT_B,200
1493,CAT_A,990
1494,CAT_B,1499
1495,CAT_A,1047
1496,CAT_B,310
1497,CAT_A,430
1498,CAT_B,126
1499,CAT_B,441
1500,CAT_A,45
1501,CAT_A,117
1502,CAT_A,186
1503,CAT_B,1659
1504,CAT_B,2352
1505,CAT_B,69
1506,CAT_A,1533
1507,CAT_A,1129
1508,CAT_A,1626
1509,CAT_A,580
1510,CAT_A,528
1511,CAT_B,606
1512,CAT_A,1309
1513,CAT_B,1580
1514,CAT_B,1778
1515,CAT_A,35
1516,CAT_A,498
1517,CAT_B,481
1518,CAT_B,723
1519,CAT_A,41
1520,CAT_B,706
1521,CAT_B,30
1522,CAT_B,233
1523,CAT_B,39
1524,CAT_A,195
1525,CAT_A,9
1526,CAT_B,59
1527,CAT_A,906
1528,CAT_B,183
1529,CAT_A,4151
1530,CAT_A,491
1531,CAT_A,555
1532,CAT_A,2310
1533,CAT_A,1344
1534,CAT_A,6280
1535,CAT_A,5413
1536,CAT_B,659
1537,CAT_A,1001
1538,CAT_B,253
1539,CAT_A,1704
1540,CAT_A,547
1541,CAT_A,344
1542,CAT_B,2616
1543,CAT_B,21
1544,CAT_A,53
1545,CAT_B,93
1546,CAT_B,76
1547,CAT_A,367
1548,CAT_B,195
1549,CAT_A,263
1550,CAT_B,118
1551,CAT_B,1689
1552,CAT_A,102
1553,CAT_B,619
1554,CAT_A,146
1555,CAT_A,57
1556,CAT_A,30
1557,CAT_A,20
1558,CAT_A,10
1559,CAT_B,3
1560,CAT_A,1706
1561,CAT_A,1047
1562,CAT_A,5941
1563,CAT_B,396
1564,CAT_A,5754
1565,CAT_B,514
1566,CAT_A,152
1567,CAT_A,1089
1568,CAT_A,306
1569,CAT_A,418
1570,CAT_A,2048
1571,CAT_A,549
1572,CAT_B,75
1573,CAT_B,525
1574,CAT_B,977
1575,CAT_B,428
1576,CAT_A,1338
1577,CAT_A,338
1578,CAT_B,19
1579,CAT_B,14
1580,CAT_A,104
1581,CAT_A,47
1582,CAT_B,166
1583,CAT_A,998
1584,CAT_A,614
1585,CAT_B,616
1586,CAT_B,359
1587,CAT_A,1561
1588,CAT_B,288
1589,CAT_B,805
1590,CAT_B,51
1591,CAT_A,177
1592,CAT_A,113
1593,CAT_B,13
1594,CAT_A,81
1595,CAT_B,2702
1596,CAT_A,1276
1597,CAT_A,2552
1598,CAT_B,510
1599,CAT_B,90
1600,CAT_A,2884
1601,CAT_A,809
1602,CAT_B,209
1603,CAT_B,11
1604,CAT_A,3428
1605,CAT_B,238
1606,CAT_B,666
1607,CAT_A,3712
1608,CAT_B,1457
1609,CAT_A,955
1610,CAT_B,761
1611,CAT_B,95
1612,CAT_B,865
1613,CAT_A,609
1614,CAT_B,3328
1615,CAT_A,191
1616,CAT_A,160
1617,CAT_A,46
1618,CAT_B,694
1619,CAT_B,26
1620,CAT_B,76
1621,CAT_A,90
1622,CAT_A,110
1623,CAT_A,28
1624,CAT_A,789
1625,CAT_B,513
1626,CAT_A,21
1627,CAT_B,1619
1628,CAT_B,117
1629,CAT_B,515
1630,CAT_A,30
1631,CAT_B,63
1632,CAT_A,13
1633,CAT_B,1
1634,CAT_B,481
1635,CAT_A,1215
1636,CAT_A,311
1637,CAT_A,2123
1638,CAT_A,2541
1639,CAT_A,528
1640,CAT_A,404
1641,CAT_A,391
1642,CAT_B,234
1643,CAT_B,435
1644,CAT_A,241
1645,CAT_A,1278
1646,CAT_A,170
1647,CAT_B,185
1648,CAT_B,34
1649,CAT_B,47
1650,CAT_B,61
1651,CAT_B,15
1652,CAT_B,5
1653,CAT_B,53
1654,CAT_A,31
1655,CAT_A,148
1656,CAT_A,15
1657,CAT_A,309
1658,CAT_A,1390
1659,CAT_A,125
1660,CAT_A,139
1661,CAT_A,606
1662,CAT_A,2
1663,CAT_B,1478
1664,CAT_B,2100
1665,CAT_A,26
1666,CAT_B,391
1667,CAT_A,9
1668,CAT_B,388
1669,CAT_B,340
1670,CAT_A,77
1671,CAT_B,46
1672,CAT_A,171
1673,CAT_A,1365
1674,CAT_B,805
1675,CAT_B,244
1676,CAT_B,42
1677,CAT_A,1833
1678,CAT_B,188
1679,CAT_A,788
1680,CAT_B,71
1681,CAT_A,1222
1682,CAT_A,100
1683,CAT_B,1504
1684,CAT_B,25
1685,CAT_B,347
1686,CAT_A,131
1687,CAT_A,913
1688,CAT_A,8
1689,CAT_B,246
1690,CAT_A,809
1691,CAT_B,21
1692,CAT_B,52
1693,CAT_B,4
1694,CAT_A,271
1695,CAT_A,1220
1696,CAT_A,165
1697,CAT_B,239
1698,CAT_B,1061
1699,CAT_B,1279
1700,CAT_B,283
1701,CAT_A,886
1702,CAT_A,554
1703,CAT_A,25
1704,CAT_A,2956
1705,CAT_B,385
1706,CAT_B,1670
1707,CAT_A,2087
1708,CAT_B,1955
1709,CAT_B,534
1710,CAT_B,108
1711,CAT_B,644
1712,CAT_A,272
1713,CAT_B,219
1714,CAT_A,646
1715,CAT_B,15
1716,CAT_B,975
1717,CAT_A,868
1718,CAT_B,20
1719,CAT_B,41
1720,CAT_A,684
1721,CAT_A,816
1722,CAT_B,42
1723,CAT_A,3
1724,CAT_A,1639
1725,CAT_B,685
1726,CAT_B,15
1727,CAT_B,9
1728,CAT_B,407
1729,CAT_B,41
1730,CAT_B,67
1731,CAT_B,624
1732,CAT_A,217
1733,CAT_B,247
1734,CAT_B,17
1735,CAT_B,666
1736,CAT_B,143
1737,CAT_A,225
1738,CAT_B,1064
1739,CAT_A,4
1740,CAT_A,560
1741,CAT_A,53
1742,CAT_A,22
1743,CAT_B,1
1744,CAT_B,2005
1745,CAT_B,1197
1746,CAT_A,1128
1747,CAT_A,1086
1748,CAT_A,219
1749,CAT_A,260
1750,CAT_B,419
1751,CAT_A,53
1752,CAT_B,1310
1753,CAT_B,409
1754,CAT_B,25
1755,CAT_A,745
1756,CAT_B,47
1757,CAT_A,116
1758,CAT_B,78
1759,CAT_B,304
1760,CAT_B,170
1761,CAT_B,57
1762,CAT_A,162
1763,CAT_B,248
1764,CAT_B,818
1765,CAT_B,496
1766,CAT_B,22
1767,CAT_A,224
1768,CAT_A,1401
1769,CAT_A,1171
1770,CAT_A,2040
1771,CAT_B,550
1772,CAT_B,477
1773,CAT_B,103
1774,CAT_A,1074
1775,CAT_B,611
1776,CAT_A,840
1777,CAT_B,289
1778,CAT_A,62
1779,CAT_A,61
1780,CAT_B,141
1781,CAT_A,1846
1782,CAT_A,4154
1783,CAT_B,4976
1784,CAT_B,258
1785,CAT_B,822
1786,CAT_B,73
1787,CAT_B,222
1788,CAT_A,76
1789,CAT_B,1240
1790,CAT_A,1507
1791,CAT_A,109
1792,CAT_B,1713
1793,CAT_B,37
1794,CAT_A,594
1795,CAT_B,207
1796,CAT_B,391
1797,CAT_A,414
1798,CAT_B,619
1799,CAT_B,476
1800,CAT_A,53
1801,CAT_B,105
1802,CAT_B,74
1803,CAT_A,2766
1804,CAT_A,1144
1805,CAT_B,883
1806,CAT_B,998
1807,CAT_A,266
1808,CAT_B,2105
1809,CAT_B,1038
1810,CAT_A,2430
1811,CAT_A,446
1812,CAT_A,100
1813,CAT_A,8
1814,CAT_B,6
1815,CAT_A,20
1816,CAT_B,14
1817,CAT_B,1379
1818,CAT_A,1468
1819,CAT_A,513
1820,CAT_A,1081
1821,CAT_A,1211
1822,CAT_A,5712
1823,CAT_A,2748
1824,CAT_B,434
1825,CAT_B,392
1826,CAT_B,383
1827,CAT_A,243
1828,CAT_A,27
1829,CAT_A,68
1830,CAT_A,428
1831,CAT_B,508
1832,CAT_B,3292
1833,CAT_A,66
1834,CAT_A,724
1835,CAT_A,2003
1836,CAT_A,89
1837,CAT_B,857
1838,CAT_B,802
1839,CAT_B,3
1840,CAT_B,32
1841,CAT_A,546
1842,CAT_A,1233
1843,CAT_A,2902
1844,CAT_B,59
1845,CAT_B,234
1846,CAT_B,23
1847,CAT_B,32
1848,CAT_B,1156
1849,CAT_B,2247
1850,CAT_B,91
1851,CAT_A,42
1852,CAT_B,43
1853,CAT_A,3525
1854,CAT_B,1270
1855,CAT_B,285
1856,CAT_A,51
1857,CAT_A,103
1858,CAT_A,12
1859,CAT_B,58
1860,CAT_B,1
1861,CAT_B,506
1862,CAT_A,574
1863,CAT_A,840
1864,CAT_A,5952
1865,CAT_A,1333
1866,CAT_B,289
1867,CAT_A,89
1868,CAT_B,438
1869,CAT_A,507
1870,CAT_A,3098
1871,CAT_B,180
1872,CAT_A,408
1873,CAT_A,171
1874,CAT_B,352
1875,CAT_A,3989
1876,CAT_A,3
1877,CAT_B,439
1878,CAT_A,883
1879,CAT_B,910
1880,CAT_A,9
1881,CAT_B,337
1882,CAT_A,1727
1883,CAT_B,340
1884,CAT_A,3828
1885,CAT_B,673
1886,CAT_B,602
1887,CAT_B,340
1888,CAT_B,196
1889,CAT_B,259
1890,CAT_B,1892
1891,CAT_B,15
1892,CAT_A,75
1893,CAT_A,420
1894,CAT_B,999
1895,CAT_A,430
1896,CAT_B,65
1897,CAT_A,39
1898,CAT_A,95
1899,CAT_A,477
1900,CAT_B,1201
1901,CAT_B,20
1902,CAT_B,7
1903,CAT_A,1906
1904,CAT_A,990
1905,CAT_A,432
1906,CAT_B,34
1907,CAT_B,858
1908,CAT_A,87
1909,CAT_A,20
1910,CAT_A,1579
1911,CAT_A,2194
1912,CAT_A,933
1913,CAT_B,23
1914,CAT_A,628
1915,CAT_A,4198
1916,CAT_B,1288
1917,CAT_B,1024
1918,CAT_B,607
1919,CAT_A,1046
1920,CAT_B,906
1921,CAT_B,328
1922,CAT_A,777
1923,CAT_A,558
1924,CAT_B,1755
1925,CAT_B,1797
1926,CAT_B,1225
1927,CAT_B,324
1928,CAT_A,104
1929,CAT_A,612
1930,CAT_B,12
1931,CAT_A,496
1932,CAT_B,31
1933,CAT_B,133
1934,CAT_B,35
1935,CAT_B,2708
1936,CAT_A,10
1937,CAT_A,265
1938,CAT_B,362
1939,CAT_A,915
1940,CAT_B,19
1941,CAT_B,123
1942,CAT_A,413
1943,CAT_A,475
1944,CAT_A,130
1945,CAT_A,840
1946,CAT_A,1006
1947,CAT_B,498
1948,CAT_A,5473
1949,CAT_A,2140
1950,CAT_B,202
1951,CAT_B,526
1952,CAT_B,110
1953,CAT_A,78
1954,CAT_A,365
1955,CAT_A,308
1956,CAT_A,4954
1957,CAT_A,1327
1958,CAT_A,9
1959,CAT_A,133
1960,CAT_B,417
1961,CAT_A,31
1962,CAT_B,831
1963,CAT_B,637
1964,CAT_B,1745
1965,CAT_B,138
1966,CAT_A,214
1967,CAT_B,85
1968,CAT_B,485
1969,CAT_B,213
1970,CAT_B,386
1971,CAT_A,550
1972,CAT_A,3506
1973,CAT_B,21
1974,CAT_B,499
1975,CAT_A,89
1976,CAT_B,776
1977,CAT_B,5
1978,CAT_B,43
1979,CAT_A,24
1980,CAT_B,809
1981,CAT_A,396
1982,CAT_A,77
1983,CAT_A,1927
1984,CAT_A,4133
1985,CAT_A,2659
1986,CAT_A,1942
1987,CAT_B,2025
1988,CAT_A,403
1989,CAT_A,869
1990,CAT_A,214
1991,CAT_A,118
1992,CAT_A,30
1993,CAT_A,1332
1994,CAT_A,547
1995,CAT_B,194
1996,CAT_A,358
1997,CAT_B,2667
1998,CAT_B,227
1999,CAT_B,565
2000,CAT_A,120
2001,CAT_B,260
2002,CAT_A,19
2003,CAT_B,110
2004,CAT_A,400
2005,CAT_A,124
2006,CAT_A,218
2007,CAT_B,49
2008,CAT_A,446
2009,CAT_B,1248
2010,CAT_A,325
2011,CAT_B,486
2012,CAT_B,342
2013,CAT_B,40
2014,CAT_A,529
2015,CAT_B,3005
2016,CAT_B,61
2017,CAT_A,181
2018,CAT_A,2809
2019,CAT_A,393
2020,CAT_A,1
2021,CAT_A,1623
2022,CAT_A,4595
2023,CAT_A,358
2024,CAT_B,1715
2025,CAT_A,326
2026,CAT_A,120
2027,CAT_A,1195
2028,CAT_B,1406
2029,CAT_A,819
2030,CAT_B,2162
2031,CAT_B,712
2032,CAT_A,41
2033,CAT_A,534
2034,CAT_A,683
2035,CAT_B,4
2036,CAT_A,292
2037,CAT_A,1728
2038,CAT_A,174
2039,CAT_B,81
2040,CAT_A,125
2041,CAT_B,671
2042,CAT_B,303
2043,CAT_B,437
2044,CAT_A,305
2045,CAT_B,703
2046,CAT_B,1419
2047,CAT_A,311
2048,CAT_A,487
2049,CAT_B,32
2050,CAT_B,38
2051,CAT_B,2736
2052,CAT_A,66
2053,CAT_A,577
2054,CAT_B,493
2055,CAT_A,1809
2056,CAT_B,1040
2057,CAT_A,4101
2058,CAT_A,784
2059,CAT_A,10478
2060,CAT_A,4174
2061,CAT_B,298
2062,CAT_A,193
2063,CAT_B,185
2064,CAT_B,171
2065,CAT_A,2520
2066,CAT_A,1375
2067,CAT_A,191
2068,CAT_B,94
2069,CAT_A,2190
2070,CAT_B,54
2071,CAT_B,417
2072,CAT_A,67
2073,CAT_B,99
2074,CAT_A,84
2075,CAT_B,122
2076,CAT_A,698
2077,CAT_A,253
2078,CAT_B,36
2079,CAT_A,1279
2080,CAT_B,28
2081,CAT_B,706
2082,CAT_A,871
2083,CAT_A,336
2084,CAT_A,96
2085,CAT_B,30
2086,CAT_B,227
2087,CAT_A,336
2088,CAT_A,168
2089,CAT_A,109
2090,CAT_B,126
2091,CAT_B,115
2092,CAT_B,890
2093,CAT_B,413
2094,CAT_B,30
2095,CAT_A,321
2096,CAT_B,15
2097,CAT_A,3157
2098,CAT_A,1594
2099,CAT_A,2358
2100,CAT_B,901
2101,CAT_A,2601
2102,CAT_B,309
2103,CAT_A,530
2104,CAT_B,337
2105,CAT_A,70
2106,CAT_A,319
2107,CAT_A,57
2108,CAT_A,1318
2109,CAT_A,69
2110,CAT_B,149
2111,CAT_A,404
2112,CAT_A,145
2113,CAT_A,1257
2114,CAT_A,223
2115,CAT_B,10
2116,CAT_A,35
2117,CAT_A,526
2118,CAT_A,1
2119,CAT_A,355
2120,CAT_A,426
2121,CAT_A,108
2122,CAT_B,102
2123,CAT_B,1695
2124,CAT_B,7
2125,CAT_B,380
2126,CAT_B,798
2127,CAT_A,128
2128,CAT_A,229
2129,CAT_B,2192
2130,CAT_A,76
2131,CAT_A,235
2132,CAT_A,69
2133,CAT_A,59
2134,CAT_A,15
2135,CAT_A,2
2136,CAT_A,1061
2137,CAT_B,1795
2138,CAT_A,5547
2139,CAT_A,940
2140,CAT_B,563
2141,CAT_A,4042
2142,CAT_A,320
2143,CAT_B,996
2144,CAT_A,371
2145,CAT_A,91
2146,CAT_A,714
2147,CAT_A,4550
2148,CAT_B,109
2149,CAT_A,35
2150,CAT_B,2253
2151,CAT_A,13
2152,CAT_B,222
2153,CAT_A,1480
2154,CAT_B,297
2155,CAT_A,1814
2156,CAT_A,1448
2157,CAT_B,541
2158,CAT_B,783
2159,CAT_B,427
2160,CAT_B,111
2161,CAT_B,171
2162,CAT_A,981
2163,CAT_A,25
2164,CAT_B,5
2165,CAT_B,8
2166,CAT_A,843
2167,CAT_B,1185
2168,CAT_B,581
2169,CAT_B,1
2170,CAT_A,392
2171,CAT_B,689
2172,CAT_B,435
2173,CAT_A,296
2174,CAT_B,189
2175,CAT_A,479
2176,CAT_A,145
2177,CAT_A,882
2178,CAT_A,2151
2179,CAT_A,879
2180,CAT_A,1015
2181,CAT_B,496
2182,CAT_B,433
2183,CAT_A,1498
2184,CAT_A,898
2185,CAT_B,35
2186,CAT_A,2562
2187,CAT_B,24
2188,CAT_B,76
2189,CAT_B,21
2190,CAT_A,10
2191,CAT_A,286
2192,CAT_B,12
2193,CAT_A,1304
2194,CAT_A,995
2195,CAT_A,213
2196,CAT_A,580
2197,CAT_A,81
2198,CAT_A,982
2199,CAT_B,144
2200,CAT_A,265
2201,CAT_B,1795
2202,CAT_B,423
2203,CAT_A,57
2204,CAT_A,28
2205,CAT_A,1243
2206,CAT_A,2603
2207,CAT_A,3665
2208,CAT_A,4800
2209,CAT_A,5565
2210,CAT_B,291
2211,CAT_A,4219
2212,CAT_A,306
2213,CAT_A,108
2214,CAT_A,32
2215,CAT_B,1177
2216,CAT_A,1025
2217,CAT_A,86
2218,CAT_B,377
2219,CAT_B,783
2220,CAT_A,56
2221,CAT_A,1128
2222,CAT_A,1052
2223,CAT_A,193
2224,CAT_B,226
2225,CAT_B,156
2226,CAT_B,85
2227,CAT_B,12
2228,CAT_B,231
2229,CAT_A,72
2230,CAT_B,15
2231,CAT_B,70
2232,CAT_A,62
2233,CAT_A,148
2234,CAT_A,51
2235,CAT_A,3
2236,CAT_A,1124
2237,CAT_A,9474
2238,CAT_A,195
2239,CAT_A,1054
2240,CAT_A,610
2241,CAT_A,4373
2242,CAT_B,131
2243,CAT_A,640
2244,CAT_B,913
2245,CAT_A,3617
2246,CAT_B,35
2247,CAT_A,2662
2248,CAT_A,259
2249,CAT_A,709
2250,CAT_A,864
2251,CAT_B,5909
2252,CAT_A,197
2253,CAT_B,674
2254,CAT_B,192
2255,CAT_A,562
2256,CAT_B,84
2257,CAT_B,43
2258,CAT_B,27
2259,CAT_B,326
2260,CAT_B,35
2261,CAT_A,170
2262,CAT_B,140
2263,CAT_B,2939
2264,CAT_B,823
2265,CAT_B,610
2266,CAT_A,8806
2267,CAT_B,27
2268,CAT_A,134
2269,CAT_A,57
2270,CAT_B,17
2271,CAT_B,539
2272,CAT_B,386
2273,CAT_B,353
2274,CAT_B,46
2275,CAT_A,496
2276,CAT_B,508
2277,CAT_B,2770
2278,CAT_A,1341
2279,CAT_B,472
2280,CAT_A,612
2281,CAT_A,964
2282,CAT_A,565
2283,CAT_B,70
2284,CAT_A,944
2285,CAT_A,49
2286,CAT_A,1430
2287,CAT_A,2228
2288,CAT_B,11
2289,CAT_A,174
2290,CAT_A,231
2291,CAT_B,612
2292,CAT_A,680
2293,CAT_A,631
2294,CAT_B,43
2295,CAT_B,728
2296,CAT_B,610
2297,CAT_A,35
2298,CAT_B,90
2299,CAT_B,724
2300,CAT_B,66
2301,CAT_B,446
2302,CAT_A,310
2303,CAT_A,154
2304,CAT_B,8
2305,CAT_B,1
2306,CAT_A,1278
2307,CAT_B,1215
2308,CAT_A,3091
2309,CAT_B,540
2310,CAT_A,365
2311,CAT_A,1125
2312,CAT_B,613
2313,CAT_A,294
2314,CAT_A,45
2315,CAT_A,639
2316,CAT_B,1854
2317,CAT_B,51
2318,CAT_A,1302
2319,CAT_A,72
2320,CAT_B,2645
2321,CAT_B,218
2322,CAT_B,12
2323,CAT_A,109
2324,CAT_A,155
2325,CAT_A,312
2326,CAT_A,123
2327,CAT_B,41
2328,CAT_B,532
2329,CAT_B,119
2330,CAT_B,642
2331,CAT_B,20
2332,CAT_A,600
2333,CAT_A,28
2334,CAT_A,56
2335,CAT_B,336
2336,CAT_B,339
2337,CAT_B,65
2338,CAT_A,79
2339,CAT_A,5
2340,CAT_B,73
2341,CAT_B,1
2342,CAT_A,3
2343,CAT_A,17
2344,CAT_A,991
2345,CAT_A,1952
2346,CAT_B,1285
2347,CAT_A,2209
2348,CAT_A,6021
2349,CAT_A,5017
2350,CAT_A,772
2351,CAT_A,3953
2352,CAT_A,143
2353,CAT_A,187
2354,CAT_A,126
2355,CAT_A,611
2356,CAT_A,58
2357,CAT_A,3
2358,CAT_A,1768
2359,CAT_B,831
2360,CAT_B,17
2361,CAT_B,23
2362,CAT_B,1
2363,CAT_B,50
2364,CAT_A,11
2365,CAT_B,26
2366,CAT_B,723
2367,CAT_B,450
2368,CAT_B,1125
2369,CAT_B,58
2370,CAT_A,415
2371,CAT_A,48
2372,CAT_B,1170
2373,CAT_B,167
2374,CAT_A,59
2375,CAT_A,234
2376,CAT_A,156
2377,CAT_B,819
2378,CAT_B,468
2379,CAT_A,192
2380,CAT_A,648
2381,CAT_A,1480
2382,CAT_A,798
2383,CAT_A,3883
2384,CAT_B,407
2385,CAT_A,471
2386,CAT_A,174
2387,CAT_A,504
2388,CAT_B,406
2389,CAT_B,520
2390,CAT_A,142
2391,CAT_A,112
2392,CAT_A,2853
2393,CAT_B,660
2394,CAT_B,41
2395,CAT_B,30
2396,CAT_A,126
2397,CAT_A,470
2398,CAT_B,614
2399,CAT_B,558
2400,CAT_B,255
2401,CAT_B,2476
2402,CAT_A,152
2403,CAT_A,14
2404,CAT_A,9
2405,CAT_A,25
2406,CAT_B,37
2407,CAT_A,127
2408,CAT_A,76
2409,CAT_B,1007
2410,CAT_A,14
2411,CAT_A,124
2412,CAT_A,159
2413,CAT_A,12
2414,CAT_B,50
2415,CAT_B,68
2416,CAT_B,992
2417,CAT_A,842
2418,CAT_A,225
2419,CAT_A,190
2420,CAT_B,563
2421,CAT_B,602
2422,CAT_A,38
2423,CAT_B,218
2424,CAT_A,1340
2425,CAT_A,77
2426,CAT_B,3843
2427,CAT_B,1607
2428,CAT_B,659
2429,CAT_A,57
2430,CAT_B,1883
2431,CAT_A,69
2432,CAT_B,1207
2433,CAT_A,97
2434,CAT_A,540
2435,CAT_B,71
2436,CAT_B,13
2437,CAT_B,99
2438,CAT_A,1
2439,CAT_A,90
2440,CAT_B,2555
2441,CAT_B,454
2442,CAT_A,115
2443,CAT_A,120
2444,CAT_A,71
2445,CAT_A,72
2446,CAT_B,18
2447,CAT_B,27
2448,CAT_A,1308
2449,CAT_A,1761
2450,CAT_A,1482
2451,CAT_A,2570
2452,CAT_A,193
2453,CAT_B,168
2454,CAT_A,232
2455,CAT_B,414
2456,CAT_A,611
2457,CAT_A,970
2458,CAT_A,138
2459,CAT_B,416
2460,CAT_A,823
2461,CAT_A,127
2462,CAT_A,391
2463,CAT_A,125
2464,CAT_B,56
2465,CAT_B,87
2466,CAT_A,489
2467,CAT_B,1352
2468,CAT_B,364
2469,CAT_B,884
2470,CAT_A,1202
2471,CAT_A,1121
2472,CAT_B,141
2473,CAT_A,122
2474,CAT_A,1156
2475,CAT_B,28
2476,CAT_A,160
2477,CAT_A,19
2478,CAT_B,12
2479,CAT_B,1557
2480,CAT_A,295
2481,CAT_A,2622
2482,CAT_A,170
2483,CAT_A,384
2484,CAT_B,227
2485,CAT_B,812
2486,CAT_A,34
2487,CAT_A,26
2488,CAT_B,1157
2489,CAT_A,2239
2490,CAT_A,2200
2491,CAT_A,1848
2492,CAT_B,627
2493,CAT_A,1371
2494,CAT_A,2214
2495,CAT_B,86
2496,CAT_A,282
2497,CAT_A,1154
2498,CAT_B,528
2499,CAT_A,606
2500,CAT_B,899
2501,CAT_B,615
2502,CAT_B,1268
2503,CAT_B,1309
2504,CAT_B,631
2505,CAT_B,46
2506,CAT_B,30
2507,CAT_B,57
2508,CAT_B,31
2509,CAT_A,1032
2510,CAT_A,49
2511,CAT_B,492
2512,CAT_B,1521
2513,CAT_A,409
2514,CAT_B,750
2515,CAT_A,137
2516,CAT_A,71
2517,CAT_B,269
2518,CAT_A,386
2519,CAT_B,638
2520,CAT_A,61
2521,CAT_B,19
2522,CAT_A,523
2523,CAT_A,7
2524,CAT_A,2885
2525,CAT_A,1648
2526,CAT_A,155
2527,CAT_A,204
2528,CAT_A,3454
2529,CAT_A,1680
2530,CAT_A,999
2531,CAT_A,5402
2532,CAT_A,1831
2533,CAT_A,1003
2534,CAT_B,538
2535,CAT_B,814
2536,CAT_B,946
2537,CAT_A,364
2538,CAT_A,487
2539,CAT_A,332
2540,CAT_A,1591
2541,CAT_A,3257
2542,CAT_A,88
2543,CAT_A,12
2544,CAT_A,2102
2545,CAT_A,394
2546,CAT_A,7322
2547,CAT_A,412
2548,CAT_B,535
2549,CAT_A,3654
2550,CAT_B,206
2551,CAT_B,6
2552,CAT_B,30
2553,CAT_A,58
2554,CAT_B,80
2555,CAT_B,37
2556,CAT_B,626
2557,CAT_B,47
2558,CAT_B,233
2559,CAT_A,762
2560,CAT_B,669
2561,CAT_A,722
2562,CAT_B,536
2563,CAT_A,270
2564,CAT_B,791
2565,CAT_A,20
2566,CAT_B,681
2567,CAT_B,471
2568,CAT_A,348
2569,CAT_A,76
2570,CAT_A,7
2571,CAT_A,14
2572,CAT_A,20
2573,CAT_B,1944
2574,CAT_A,2081
2575,CAT_B,1106
2576,CAT_A,4202
2577,CAT_A,3166
2578,CAT_A,6290
2579,CAT_A,975
2580,CAT_A,673
2581,CAT_B,930
2582,CAT_A,299
2583,CAT_A,241
2584,CAT_A,1499
2585,CAT_A,1339
2586,CAT_A,225
2587,CAT_A,304
2588,CAT_A,519
2589,CAT_A,297
2590,CAT_A,4309
2591,CAT_B,664
2592,CAT_A,123
2593,CAT_B,1525
2594,CAT_A,100
2595,CAT_A,1343
2596,CAT_B,130
2597,CAT_B,52
2598,CAT_A,76
2599,CAT_A,112
2600,CAT_A,114
2601,CAT_A,145
2602,CAT_B,613
2603,CAT_B,29
2604,CAT_A,592
2605,CAT_A,233
2606,CAT_B,249
2607,CAT_A,1260
2608,CAT_A,390
2609,CAT_A,163
2610,CAT_A,3504
2611,CAT_A,117
2612,CAT_A,79
2613,CAT_A,694
2614,CAT_A,93
2615,CAT_A,2
2616,CAT_B,28
2617,CAT_A,2748
2618,CAT_A,3138
2619,CAT_B,1895
2620,CAT_B,1564
2621,CAT_A,3444
2622,CAT_A,2075
2623,CAT_B,574
2624,CAT_A,2263
2625,CAT_B,1602
2626,CAT_A,733
2627,CAT_A,8
2628,CAT_B,38
2629,CAT_B,1652
2630,CAT_B,1274
2631,CAT_A,238
2632,CAT_B,644
2633,CAT_A,246
2634,CAT_A,168
2635,CAT_A,284
2636,CAT_A,585
2637,CAT_B,691
2638,CAT_A,45
2639,CAT_B,237
2640,CAT_B,283
2641,CAT_A,1147
2642,CAT_B,1385
2643,CAT_B,539
2644,CAT_A,352
2645,CAT_B,255
2646,CAT_A,1465
2647,CAT_A,4372
2648,CAT_B,406
2649,CAT_A,855
2650,CAT_A,604
2651,CAT_B,482
2652,CAT_A,605
2653,CAT_A,241
2654,CAT_A,106
2655,CAT_B,1863
2656,CAT_B,1721
2657,CAT_A,527
2658,CAT_A,159
2659,CAT_A,287
2660,CAT_A,229
2661,CAT_A,968
2662,CAT_A,25
2663,CAT_B,551
2664,CAT_A,659
2665,CAT_B,184
2666,CAT_B,48
2667,CAT_A,201
2668,CAT_A,153
2669,CAT_A,123
2670,CAT_A,162
2671,CAT_B,276
2672,CAT_B,2
2673,CAT_B,548
2674,CAT_A,65
2675,CAT_A,57
2676,CAT_A,84
2677,CAT_A,2456
2678,CAT_A,3213
2679,CAT_B,332
2680,CAT_A,1
2681,CAT_A,2382
2682,CAT_B,388
2683,CAT_B,1609
2684,CAT_A,84
2685,CAT_A,2991
2686,CAT_A,3652
2687,CAT_B,433
2688,CAT_A,2835
2689,CAT_A,3078
2690,CAT_B,1242
2691,CAT_B,13
2692,CAT_B,622
2693,CAT_A,996
2694,CAT_B,1598
2695,CAT_B,21
2696,CAT_A,682
2697,CAT_A,5
2698,CAT_A,11
2699,CAT_A,125
2700,CAT_B,145
2701,CAT_B,575
2702,CAT_A,2234
2703,CAT_B,1040
2704,CAT_B,42
2705,CAT_A,447
2706,CAT_B,582
2707,CAT_B,278
2708,CAT_A,256
2709,CAT_B,58
2710,CAT_B,72
2711,CAT_A,1834
2712,CAT_A,2116
2713,CAT_A,408
2714,CAT_A,1864
2715,CAT_A,784
2716,CAT_A,379
2717,CAT_A,281
2718,CAT_A,104
2719,CAT_A,124
2720,CAT_B,75
2721,CAT_A,2643
2722,CAT_B,748
2723,CAT_A,5405
2724,CAT_A,931
2725,CAT_A,237
2726,CAT_A,751
2727,CAT_A,58
2728,CAT_A,15
2729,CAT_A,291
2730,CAT_B,485
2731,CAT_B,28
2732,CAT_B,58
2733,CAT_A,625
2734,CAT_B,838
2735,CAT_A,271
2736,CAT_A,19
2737,CAT_A,1181
2738,CAT_A,235
2739,CAT_A,16
2740,CAT_B,85
2741,CAT_B,621
2742,CAT_B,768
2743,CAT_B,495
2744,CAT_A,37
2745,CAT_A,17
2746,CAT_A,17
2747,CAT_A,153
2748,CAT_A,2223
2749,CAT_A,2708
2750,CAT_B,409
2751,CAT_A,3398
2752,CAT_B,309
2753,CAT_B,208
2754,CAT_B,2642
2755,CAT_A,1870
2756,CAT_A,1173
2757,CAT_A,5188
2758,CAT_B,485
2759,CAT_B,297
2760,CAT_B,479
2761,CAT_B,65
2762,CAT_B,2173
2763,CAT_B,965
2764,CAT_B,19
2765,CAT_A,396
2766,CAT_B,331
2767,CAT_B,152
2768,CAT_A,1257
2769,CAT_A,456
2770,CAT_B,1177
2771,CAT_B,1631
2772,CAT_A,1256
2773,CAT_A,444
2774,CAT_A,93
2775,CAT_B,130
2776,CAT_A,123
2777,CAT_B,119
2778,CAT_A,1
2779,CAT_A,11424
2780,CAT_A,4989
2781,CAT_B,268
2782,CAT_A,942
2783,CAT_B,330
2784,CAT_B,1509
2785,CAT_A,1322
2786,CAT_A,59
2787,CAT_A,150
2788,CAT_A,291
2789,CAT_A,2461
2790,CAT_A,168
2791,CAT_B,537
2792,CAT_A,2473
2793,CAT_A,64
2794,CAT_B,1254
2795,CAT_B,1084
2796,CAT_B,5
2797,CAT_B,186
2798,CAT_A,1130
2799,CAT_A,2228
2800,CAT_B,28
2801,CAT_A,489
2802,CAT_B,759
2803,CAT_A,123
2804,CAT_B,802
2805,CAT_B,102
2806,CAT_A,14
2807,CAT_B,22
2808,CAT_B,4
2809,CAT_A,3
2810,CAT_B,90
2811,CAT_A,1173
2812,CAT_A,1727
2813,CAT_A,2178
2814,CAT_A,227
2815,CAT_A,135
2816,CAT_A,1221
2817,CAT_B,2876
2818,CAT_A,823
2819,CAT_A,3766
2820,CAT_B,224
2821,CAT_B,149
2822,CAT_B,435
2823,CAT_B,1417
2824,CAT_A,2221
2825,CAT_B,1062
2826,CAT_A,79
2827,CAT_B,971
2828,CAT_B,592
2829,CAT_B,460
2830,CAT_B,740
2831,CAT_A,56
2832,CAT_B,117
2833,CAT_A,429
2834,CAT_B,880
2835,CAT_B,855
2836,CAT_A,1300
2837,CAT_A,425
2838,CAT_B,1385
2839,CAT_A,297
2840,CAT_B,151
2841,CAT_A,18
2842,CAT_A,30
2843,CAT_B,59
2844,CAT_B,474
2845,CAT_A,170
2846,CAT_A,2832
2847,CAT_B,394
2848,CAT_A,358
2849,CAT_B,316
2850,CAT_B,1267
2851,CAT_B,887
2852,CAT_A,464
2853,CAT_B,758
2854,CAT_B,157
2855,CAT_A,2474
2856,CAT_B,352
2857,CAT_A,228
2858,CAT_A,2772
2859,CAT_A,1466
2860,CAT_B,1243
2861,CAT_A,1210
2862,CAT_B,306
2863,CAT_A,614
2864,CAT_A,768
2865,CAT_B,2381
2866,CAT_B,77
2867,CAT_B,480
2868,CAT_B,1811
2869,CAT_B,44
2870,CAT_B,215
2871,CAT_B,271
2872,CAT_A,408
2873,CAT_B,659
2874,CAT_B,356
2875,CAT_B,149
2876,CAT_B,18
2877,CAT_B,2345
2878,CAT_B,1515
2879,CAT_A,43
2880,CAT_B,1005
2881,CAT_B,147
2882,CAT_B,46
2883,CAT_B,21
2884,CAT_A,475
2885,CAT_B,71
2886,CAT_A,423
2887,CAT_A,11
2888,CAT_A,3
2889,CAT_A,1128
2890,CAT_B,616
2891,CAT_B,1070
2892,CAT_A,2770
2893,CAT_B,546
2894,CAT_A,2784
2895,CAT_B,1855
2896,CAT_A,4231
2897,CAT_B,787
2898,CAT_A,404
2899,CAT_A,689
2900,CAT_A,26
2901,CAT_A,1185
2902,CAT_A,57
2903,CAT_B,111
2904,CAT_B,692
2905,CAT_A,45
2906,CAT_A,147
2907,CAT_A,79
2908,CAT_B,40
2909,CAT_A,169
2910,CAT_B,564
2911,CAT_B,1458
2912,CAT_A,5
2913,CAT_B,358
2914,CAT_B,20
2915,CAT_B,42
2916,CAT_A,104
2917,CAT_A,14
2918,CAT_B,192
2919,CAT_A,103
2920,CAT_A,364
2921,CAT_B,957
2922,CAT_B,370
2923,CAT_B,2107
2924,CAT_B,614
2925,CAT_B,94
2926,CAT_B,250
2927,CAT_B,628
2928,CAT_A,6
2929,CAT_B,19
2930,CAT_B,255
2931,CAT_B,243
2932,CAT_B,3105
2933,CAT_B,574
2934,CAT_A,1032
2935,CAT_B,783
2936,CAT_A,105
2937,CAT_A,35
2938,CAT_B,459
2939,CAT_A,73
2940,CAT_A,113
2941,CAT_A,260
2942,CAT_A,99
2943,CAT_A,57
2944,CAT_A,1684
2945,CAT_A,1178
2946,CAT_B,840
2947,CAT_A,2550
2948,CAT_B,317
2949,CAT_A,472
2950,CAT_A,8225
2951,CAT_A,68
2952,CAT_A,1571
2953,CAT_A,31
2954,CAT_A,1288
2955,CAT_A,2214
2956,CAT_B,1742
2957,CAT_A,2207
2958,CAT_A,44
2959,CAT_B,486
2960,CAT_B,1038
2961,CAT_A,121
2962,CAT_B,171
2963,CAT_A,187
2964,CAT_B,258
2965,CAT_B,1014
2966,CAT_B,51
2967,CAT_B,179
2968,CAT_B,517
2969,CAT_A,34
2970,CAT_A,123
2971,CAT_A,37
2972,CAT_B,43
2973,CAT_B,342
2974,CAT_B,11
2975,CAT_B,432
2976,CAT_A,518
2977,CAT_B,396
2978,CAT_A,19
2979,CAT_A,14
2980,CAT_A,1801
2981,CAT_B,2018
2982,CAT_A,2577
2983,CAT_A,982
2984,CAT_B,1906
2985,CAT_A,335
2986,CAT_B,218
2987,CAT_B,641
2988,CAT_B,183
2989,CAT_A,141
2990,CAT_B,1977
2991,CAT_A,1791
2992,CAT_A,353
2993,CAT_A,6330
2994,CAT_A,2587
2995,CAT_B,152
2996,CAT_B,47
2997,CAT_A,347
2998,CAT_B,2824
2999,CAT_B,608
3000,CAT_B,73
3001,CAT_B,26
3002,CAT_B,1
3003,CAT_A,6
3004,CAT_A,299
3005,CAT_A,61
3006,CAT_A,824
3007,CAT_A,10
3008,CAT_B,51
3009,CAT_B,1205
3010,CAT_B,862
3011,CAT_B,899
3012,CAT_A,520
3013,CAT_B,25
3014,CAT_A,68
3015,CAT_B,1466
3016,CAT_B,716
3017,CAT_B,1
3018,CAT_B,124
3019,CAT_A,2706
3020,CAT_A,542
3021,CAT_A,1898
3022,CAT_A,603
3023,CAT_A,6595
3024,CAT_B,158
3025,CAT_A,2121
3026,CAT_A,155
3027,CAT_A,2603
3028,CAT_A,210
3029,CAT_B,1258
3030,CAT_B,172
3031,CAT_A,44
3032,CAT_A,2092
3033,CAT_A,347
3034,CAT_A,392
3035,CAT_B,181
3036,CAT_B,41
3037,CAT_B,54
3038,CAT_A,1390
3039,CAT_B,73
3040,CAT_A,15
3041,CAT_A,337
3042,CAT_B,86
3043,CAT_B,41
3044,CAT_B,27
3045,CAT_A,136
3046,CAT_A,66
3047,CAT_A,22
3048,CAT_A,5867
3049,CAT_A,2017
3050,CAT_B,1061
3051,CAT_A,350
3052,CAT_B,359
3053,CAT_A,1009
3054,CAT_A,271
3055,CAT_A,2643
3056,CAT_A,237
3057,CAT_A,141
3058,CAT_B,3292
3059,CAT_B,363
3060,CAT_A,269
3061,CAT_A,104
3062,CAT_A,426
3063,CAT_A,886
3064,CAT_B,268
3065,CAT_B,42
3066,CAT_A,182
3067,CAT_B,22
3068,CAT_B,3418
3069,CAT_B,30
3070,CAT_A,322
3071,CAT_B,378
3072,CAT_A,113
3073,CAT_B,58
3074,CAT_B,95
3075,CAT_B,89
3076,CAT_B,28
3077,CAT_B,4
3078,CAT_B,6
3079,CAT_B,13
3080,CAT_A,652
3081,CAT_A,1992
3082,CAT_A,2163
3083,CAT_B,599
3084,CAT_A,6367
3085,CAT_A,2276
3086,CAT_B,582
3087,CAT_A,2227
3088,CAT_B,475
3089,CAT_A,488
3090,CAT_A,475
3091,CAT_B,875
3092,CAT_A,1047
3093,CAT_A,4208
3094,CAT_A,1037
3095,CAT_A,2565
3096,CAT_B,50
3097,CAT_A,269
3098,CAT_A,175
3099,CAT_B,45
3100,CAT_A,1297
3101,CAT_B,39
3102,CAT_B,475
3103,CAT_B,282
3104,CAT_A,805
3105,CAT_B,51
3106,CAT_A,89
3107,CAT_A,2293
3108,CAT_A,171
3109,CAT_B,219
3110,CAT_A,354
3111,CAT_B,593
3112,CAT_B,255
3113,CAT_B,55
3114,CAT_B,214
3115,CAT_A,2803
3116,CAT_A,16
3117,CAT_A,48
3118,CAT_A,3766
3119,CAT_B,1362
3120,CAT_B,23
3121,CAT_B,386
3122,CAT_B,29
3123,CAT_B,398
3124,CAT_A,68
3125,CAT_A,531
3126,CAT_B,29
3127,CAT_B,5
3128,CAT_A,3198
3129,CAT_A,94
3130,CAT_A,522
3131,CAT_A,1741
3132,CAT_B,1055
3133,CAT_B,115
3134,CAT_A,878
3135,CAT_A,633
3136,CAT_A,597
3137,CAT_A,66
3138,CAT_A,113
3139,CAT_A,674
3140,CAT_B,507
3141,CAT_B,59
3142,CAT_B,808
3143,CAT_B,1074
3144,CAT_A,1379
3145,CAT_A,1165
3146,CAT_B,827
3147,CAT_B,37
3148,CAT_A,748
3149,CAT_B,58
3150,CAT_A,182
3151,CAT_B,173
3152,CAT_A,6
3153,CAT_B,41
3154,CAT_B,25
3155,CAT_B,177
3156,CAT_B,23
3157,CAT_B,580
3158,CAT_B,325
3159,CAT_A,499
3160,CAT_A,216
3161,CAT_A,11
3162,CAT_A,15
3163,CAT_B,19
3164,CAT_A,1081
3165,CAT_A,3126
3166,CAT_B,1686
3167,CAT_B,1190
3168,CAT_A,2319
3169,CAT_B,281
3170,CAT_A,46
3171,CAT_B,853
3172,CAT_A,647
3173,CAT_A,839
3174,CAT_B,147
3175,CAT_B,170
3176,CAT_A,58
3177,CAT_A,2283
3178,CAT_A,2
3179,CAT_A,2401
3180,CAT_B,725
3181,CAT_A,348
3182,CAT_B,277
3183,CAT_A,49
3184,CAT_B,220
3185,CAT_B,2060
3186,CAT_B,968
3187,CAT_B,145
3188,CAT_A,78
3189,CAT_A,145
3190,CAT_A,1133
3191,CAT_A,1859
3192,CAT_A,1185
3193,CAT_A,1765
3194,CAT_A,36
3195,CAT_A,1
3196,CAT_B,178
3197,CAT_B,71
3198,CAT_A,1015
3199,CAT_B,317
3200,CAT_A,106
3201,CAT_A,9
3202,CAT_B,1016
3203,CAT_A,16
3204,CAT_A,21
3205,CAT_B,680
3206,CAT_B,543
3207,CAT_A,196
3208,CAT_A,13
3209,CAT_A,277
3210,CAT_A,1269
3211,CAT_A,1962
3212,CAT_A,27
3213,CAT_B,28
3214,CAT_A,177
3215,CAT_B,35
3216,CAT_B,518
3217,CAT_B,106
3218,CAT_A,3399
3219,CAT_B,31
3220,CAT_B,647
3221,CAT_B,14
3222,CAT_A,45
3223,CAT_B,32
3224,CAT_B,5
3225,CAT_A,50
3226,CAT_A,1730
3227,CAT_A,2746
3228,CAT_A,1196
3229,CAT_B,1083
3230,CAT_B,1276
3231,CAT_B,188
3232,CAT_B,292
3233,CAT_B,380
3234,CAT_B,1295
3235,CAT_A,834
3236,CAT_B,484
3237,CAT_A,159
3238,CAT_A,91
3239,CAT_B,813
3240,CAT_A,750
3241,CAT_A,258
3242,CAT_A,640
3243,CAT_B,1084
3244,CAT_B,114
3245,CAT_A,38
3246,CAT_A,112
3247,CAT_A,1867
3248,CAT_B,623
3249,CAT_A,354
3250,CAT_A,670
3251,CAT_B,986
3252,CAT_B,47
3253,CAT_B,73
3254,CAT_B,1858
3255,CAT_A,16
3256,CAT_A,29
3257,CAT_B,1113
3258,CAT_A,149
3259,CAT_B,313
3260,CAT_B,1468
3261,CAT_B,240
3262,CAT_B,7
3263,CAT_A,37
3264,CAT_A,25
3265,CAT_A,4
3266,CAT_A,135
3267,CAT_A,1691
3268,CAT_B,1816
3269,CAT_A,1863
3270,CAT_A,1706
3271,CAT_B,214
3272,CAT_B,444
3273,CAT_A,303
3274,CAT_B,63
3275,CAT_A,828
3276,CAT_B,220
3277,CAT_A,24
3278,CAT_B,962
3279,CAT_B,269
3280,CAT_A,454
3281,CAT_A,9
3282,CAT_B,41
3283,CAT_A,91
3284,CAT_B,212
3285,CAT_B,2469
3286,CAT_A,513
3287,CAT_A,2235
3288,CAT_A,714
3289,CAT_B,496
3290,CAT_B,112
3291,CAT_B,95
3292,CAT_B,240
3293,CAT_A,1267
3294,CAT_B,697
3295,CAT_B,831
3296,CAT_A,1313
3297,CAT_B,137
3298,CAT_B,1072
3299,CAT_A,450
3300,CAT_B,20
3301,CAT_A,88
3302,CAT_A,64
3303,CAT_A,2
3304,CAT_B,783
3305,CAT_A,627
3306,CAT_B,757
3307,CAT_A,5275
3308,CAT_B,2471
3309,CAT_B,433
3310,CAT_B,526
3311,CAT_B,275
3312,CAT_B,160
3313,CAT_B,577
3314,CAT_B,1204
3315,CAT_B,250
3316,CAT_A,929
3317,CAT_A,268
3318,CAT_A,333
3319,CAT_A,803
3320,CAT_A,80
3321,CAT_A,508
3322,CAT_A,185
3323,CAT_A,1475
3324,CAT_A,148
3325,CAT_A,210
3326,CAT_B,1342
3327,CAT_B,389
3328,CAT_B,842
3329,CAT_A,362
3330,CAT_B,65
3331,CAT_A,50
3332,CAT_B,826
3333,CAT_A,1323
3334,CAT_A,8
3335,CAT_B,275
3336,CAT_A,285
3337,CAT_B,454
3338,CAT_B,3
3339,CAT_A,33
3340,CAT_B,60
3341,CAT_B,62
3342,CAT_A,16
3343,CAT_A,472
3344,CAT_B,166
3345,CAT_B,93
3346,CAT_B,21
3347,CAT_A,2353
3348,CAT_A,2858
3349,CAT_A,842
3350,CAT_A,1882
3351,CAT_A,267
3352,CAT_B,813
3353,CAT_A,814
3354,CAT_A,251
3355,CAT_B,871
3356,CAT_A,1
3357,CAT_A,181
3358,CAT_B,9
3359,CAT_B,1
3360,CAT_A,347
3361,CAT_A,887
3362,CAT_A,62
3363,CAT_A,8
3364,CAT_A,93
3365,CAT_A,13
3366,CAT_A,99
3367,CAT_B,541
3368,CAT_B,198
3369,CAT_A,3885
3370,CAT_A,1131
3371,CAT_B,720
3372,CAT_B,474
3373,CAT_A,1729
3374,CAT_B,678
3375,CAT_B,252
3376,CAT_A,882
3377,CAT_B,467
3378,CAT_A,84
3379,CAT_B,78
3380,CAT_B,348
3381,CAT_A,129
3382,CAT_B,507
3383,CAT_A,80
3384,CAT_A,122
3385,CAT_A,149
3386,CAT_A,564
3387,CAT_B,167
3388,CAT_B,5062
3389,CAT_A,40
3390,CAT_B,269
3391,CAT_A,3138
3392,CAT_A,25
3393,CAT_A,232
3394,CAT_A,163
3395,CAT_A,61
3396,CAT_A,191
3397,CAT_B,531
3398,CAT_B,98
3399,CAT_B,710
3400,CAT_A,297
3401,CAT_A,262
3402,CAT_A,4038
3403,CAT_A,80
3404,CAT_B,87
3405,CAT_A,325
3406,CAT_A,465
3407,CAT_A,2
3408,CAT_B,8
3409,CAT_A,1758
3410,CAT_A,943
3411,CAT_A,590
3412,CAT_B,767
3413,CAT_B,1526
3414,CAT_A,149
3415,CAT_A,1315
3416,CAT_A,570
3417,CAT_A,365
3418,CAT_A,81
3419,CAT_A,3376
3420,CAT_A,377
3421,CAT_A,2878
3422,CAT_A,476
3423,CAT_A,398
3424,CAT_B,38
3425,CAT_A,7198
3426,CAT_B,82
3427,CAT_A,481
3428,CAT_A,71
3429,CAT_B,29
3430,CAT_B,182
3431,CAT_B,2784
3432,CAT_B,3622
3433,CAT_B,340
3434,CAT_B,469
3435,CAT_A,7
3436,CAT_B,13
3437,CAT_B,298
3438,CAT_B,41
3439,CAT_B,10
3440,CAT_A,1027
3441,CAT_B,109
3442,CAT_B,25
3443,CAT_B,18
3444,CAT_B,50
3445,CAT_A,58
3446,CAT_B,125
3447,CAT_B,444
3448,CAT_B,582
3449,CAT_A,102
3450,CAT_A,25
3451,CAT_B,366
3452,CAT_A,283
3453,CAT_A,2930
3454,CAT_A,338
3455,CAT_A,4809
3456,CAT_B,521
3457,CAT_B,246
3458,CAT_B,433
3459,CAT_A,442
3460,CAT_A,3294
3461,CAT_A,134
3462,CAT_B,102
3463,CAT_A,551
3464,CAT_B,417
3465,CAT_A,1908
3466,CAT_A,1320
3467,CAT_B,1513
3468,CAT_A,110
3469,CAT_A,194
3470,CAT_B,119
3471,CAT_B,393
3472,CAT_B,525
3473,CAT_A,4
3474,CAT_B,528
3475,CAT_B,184
3476,CAT_B,197
3477,CAT_A,286
3478,CAT_B,281
3479,CAT_B,572
3480,CAT_A,42
3481,CAT_B,383
3482,CAT_A,149
3483,CAT_B,509
3484,CAT_B,17
3485,CAT_B,1666
3486,CAT_A,54
3487,CAT_A,15
3488,CAT_A,4
3489,CAT_A,169
3490,CAT_A,6
3491,CAT_B,4
3492,CAT_A,2447
3493,CAT_B,642
3494,CAT_B,245
3495,CAT_A,2061
3496,CAT_B,253
3497,CAT_B,501
3498,CAT_B,1625
3499,CAT_B,146
3500,CAT_A,559
3501,CAT_B,765
3502,CAT_A,136
3503,CAT_A,1520
3504,CAT_A,240
3505,CAT_A,63
3506,CAT_B,137
3507,CAT_B,78
3508,CAT_B,1494
3509,CAT_A,372
3510,CAT_A,151
3511,CAT_A,515
3512,CAT_B,20
3513,CAT_B,1921
3514,CAT_A,164
3515,CAT_A,1
3516,CAT_A,197
3517,CAT_B,100
3518,CAT_B,13
3519,CAT_B,18
3520,CAT_A,876
3521,CAT_B,25
3522,CAT_A,3
3523,CAT_A,27
3524,CAT_B,423
3525,CAT_A,58
3526,CAT_A,123
3527,CAT_B,2077
3528,CAT_B,487
3529,CAT_B,55
3530,CAT_A,422
3531,CAT_A,2746
3532,CAT_B,308
3533,CAT_B,1136
3534,CAT_B,21
3535,CAT_A,1
3536,CAT_A,351
3537,CAT_A,13
3538,CAT_A,1
3539,CAT_A,14
3540,CAT_B,2
3541,CAT_B,1358
3542,CAT_B,2027
3543,CAT_A,1498
3544,CAT_A,25
3545,CAT_A,1896
3546,CAT_B,329
3547,CAT_B,67
3548,CAT_B,2717
3549,CAT_A,461
3550,CAT_A,564
3551,CAT_B,558
3552,CAT_A,120
3553,CAT_A,350
3554,CAT_A,274
3555,CAT_B,62
3556,CAT_B,671
3557,CAT_A,42
3558,CAT_A,449
3559,CAT_B,1291
3560,CAT_B,1054
3561,CAT_A,48
3562,CAT_A,8
3563,CAT_A,1368
3564,CAT_A,536
3565,CAT_A,3003
3566,CAT_B,973
3567,CAT_A,1702
3568,CAT_A,504
3569,CAT_A,5417
3570,CAT_B,171
3571,CAT_A,1173
3572,CAT_B,253
3573,CAT_A,6111
3574,CAT_A,96
3575,CAT_A,115
3576,CAT_A,67
3577,CAT_B,448
3578,CAT_A,469
3579,CAT_B,350
3580,CAT_A,53
3581,CAT_B,41
3582,CAT_B,56
3583,CAT_A,24
3584,CAT_A,231
3585,CAT_B,85
3586,CAT_B,683
3587,CAT_B,41
3588,CAT_B,399
3589,CAT_B,17
3590,CAT_A,1244
3591,CAT_B,156
3592,CAT_A,172
3593,CAT_B,532
3594,CAT_B,708
3595,CAT_B,35
3596,CAT_A,321
3597,CAT_A,20
3598,CAT_A,47
3599,CAT_A,314
3600,CAT_B,2196
3601,CAT_B,872
3602,CAT_B,698
3603,CAT_B,1428
3604,CAT_B,368
3605,CAT_B,119
3606,CAT_B,53
3607,CAT_B,92
3608,CAT_B,39
3609,CAT_A,61
3610,CAT_A,271
3611,CAT_B,901
3612,CAT_A,126
3613,CAT_B,270
3614,CAT_A,432
3615,CAT_B,233
3616,CAT_B,140
3617,CAT_B,599
3618,CAT_B,1256
3619,CAT_B,309
3620,CAT_B,41
3621,CAT_B,40
3622,CAT_B,39
3623,CAT_B,504
3624,CAT_B,561
3625,CAT_B,1859
3626,CAT_B,33
3627,CAT_B,770
3628,CAT_B,1448
3629,CAT_A,1723
3630,CAT_A,980
3631,CAT_A,185
3632,CAT_A,47
3633,CAT_A,21
3634,CAT_B,282
3635,CAT_B,30
3636,CAT_B,359
3637,CAT_B,25
3638,CAT_A,735
3639,CAT_B,2274
3640,CAT_B,26
3641,CAT_B,9
3642,CAT_A,35
3643,CAT_A,572
3644,CAT_B,886
3645,CAT_B,75
3646,CAT_B,89
3647,CAT_B,264
3648,CAT_A,735
3649,CAT_B,134
3650,CAT_B,988
3651,CAT_B,1820
3652,CAT_B,691
3653,CAT_B,1123
3654,CAT_A,330
3655,CAT_A,49
3656,CAT_A,58
3657,CAT_A,23